word,assigned_domain,similarity_score
black,appearance_style,0.8822112
color,appearance_style,0.8669199
colored,appearance_style,0.8409707
grey,appearance_style,0.84074366
white,appearance_style,0.83962786
gray,appearance_style,0.8291036
old,age_era,0.82762516
blue,appearance_style,0.82640743
grey-black,appearance_style,0.79777515
red,appearance_style,0.79707783
70s,age_era,0.79418355
older,age_era,0.78986084
80s,age_era,0.78830874
colors,appearance_style,0.7837434
blue-grey,appearance_style,0.77392316
gray-colored,appearance_style,0.7671905
colorful,appearance_style,0.7663648
purple,appearance_style,0.7492683
60-70s,age_era,0.7473181
vintage,age_era,0.74400604
90s,age_era,0.7436683
grayish,appearance_style,0.7434627
newer,age_era,0.7419647
eighties,age_era,0.7403729
70-80s,age_era,0.738081
parking,context_environment,0.7374454
powerful,condition_functionality,0.73632324
green,appearance_style,0.73434854
parked,context_environment,0.73089767
60s,age_era,0.7301212
dated,age_era,0.726709
1970s,age_era,0.72275615
yellow,appearance_style,0.7181681
strong,condition_functionality,0.7161716
blackish-blue,appearance_style,0.7155971
dark,appearance_style,0.7141169
road,context_environment,0.712975
seventies,age_era,0.7067704
fast,condition_functionality,0.7067463
attractive,evaluation,0.7008412
outdoor,context_environment,0.6979424
good,evaluation,0.6973298
park,context_environment,0.69645286
outside,context_environment,0.6962449
mid-90s,age_era,0.696071
darker,appearance_style,0.6954185
orange,appearance_style,0.69417167
blueish,appearance_style,0.6941089
nice,evaluation,0.693303
bluish-gray,appearance_style,0.6911483
outdoors,context_environment,0.68687356
orange-red,appearance_style,0.68518436
outdated,age_era,0.6844572
sixties,age_era,0.68358904
driveway,context_environment,0.68348885
street,context_environment,0.6815398
1980s,age_era,0.67437017
garage,context_environment,0.67196274
pretty,evaluation,0.6712078
off-white,appearance_style,0.671039
age,age_era,0.67100656
old-looking,age_era,0.67002076
grass,context_environment,0.6698746
pinkish,appearance_style,0.66883063
painted,appearance_style,0.6650282
driveways,context_environment,0.6643287
decade,age_era,0.6639457
1970,age_era,0.6636346
black-ish,appearance_style,0.6634724
reddish-brown,appearance_style,0.66322345
ugly,evaluation,0.66297376
location,context_environment,0.66191614
brown,appearance_style,0.6617325
ago,age_era,0.65610933
clean,condition_functionality,0.6544908
roads,context_environment,0.6541151
cream-colored,appearance_style,0.65355456
parks,context_environment,0.6530678
yellow-orange,appearance_style,0.6530129
building,context_environment,0.6527307
pavement,context_environment,0.64795756
1960s,age_era,0.64700544
outdoorsy,context_environment,0.64520514
place,context_environment,0.64508504
slow,condition_functionality,0.6448518
nearby,context_environment,0.64427537
lawn,context_environment,0.64348495
hard,condition_functionality,0.6423651
urban,context_environment,0.64229405
heavy,condition_functionality,0.6422013
excellent,evaluation,0.64193547
buildings,context_environment,0.6394998
beautiful,evaluation,0.638518
sidewalk,context_environment,0.6379395
years,age_era,0.6375308
younger,age_era,0.6360578
speed,condition_functionality,0.6339983
beauty,evaluation,0.6338674
great,evaluation,0.63253
roof,context_environment,0.63216364
houses,context_environment,0.6315021
garden,context_environment,0.6312678
faster,condition_functionality,0.63119787
cars,context_environment,0.6303553
power,condition_functionality,0.62833333
amazing,evaluation,0.62802017
light,appearance_style,0.6273854
greenish,appearance_style,0.62733424
decades,age_era,0.62724084
past,age_era,0.6258482
creepy,evaluation,0.62569296
tough,condition_functionality,0.6241589
surrounding,context_environment,0.62300426
bad,evaluation,0.6220762
paved,context_environment,0.62159467
land,context_environment,0.6206456
scenery,context_environment,0.62027156
easy,condition_functionality,0.62021667
wonderful,evaluation,0.61992794
hot,evaluation,0.6197592
2000s,age_era,0.61961246
yard,context_environment,0.61898816
car,context_environment,0.6184222
why,evaluation,0.6181811
loud,condition_functionality,0.6172786
very,evaluation,0.6158181
places,context_environment,0.6148524
waterfront,context_environment,0.6146742
silver,appearance_style,0.6145977
cute,evaluation,0.6141984
weird,evaluation,0.61376
housing,context_environment,0.613631
greyish,appearance_style,0.61223406
extremely,condition_functionality,0.61155975
difficult,condition_functionality,0.61012924
area,context_environment,0.6099303
harder,condition_functionality,0.60978264
city,context_environment,0.6096664
recent,age_era,0.60937387
worn,appearance_style,0.60903174
beige,appearance_style,0.6069481
strange,evaluation,0.60628176
rugged,condition_functionality,0.6062587
funky,evaluation,0.60502744
slowly,condition_functionality,0.6042414
concrete,context_environment,0.60353476
unusual,evaluation,0.6029958
1990s,age_era,0.6025839
dirt,context_environment,0.6024755
product,condition_functionality,0.6014124
muscle,condition_functionality,0.6012302
fantastic,evaluation,0.6006098
twenties,age_era,0.60038006
sturdy,condition_functionality,0.60022366
trees,context_environment,0.6001619
turquoise,appearance_style,0.59909034
burgundy,appearance_style,0.59832203
looks,evaluation,0.5979732
medium,appearance_style,0.59795415
apartment,context_environment,0.5975163
2004,age_era,0.5971807
odd,evaluation,0.5965239
likes,evaluation,0.5965041
thick,condition_functionality,0.5960156
modern,age_era,0.5959776
walls,context_environment,0.5957558
house,context_environment,0.5955122
forests,context_environment,0.595149
old-persons,age_era,0.59483963
tree,context_environment,0.5941858
town,context_environment,0.59347767
safe,condition_functionality,0.59333885
terrain,context_environment,0.59276384
vehicles,context_environment,0.5927032
pleasing,evaluation,0.5927
fastest,condition_functionality,0.5925958
rocks,context_environment,0.5925931
coloring,appearance_style,0.59239894
greyblue,appearance_style,0.59239686
indoors,context_environment,0.5915154
forest,context_environment,0.59039176
wall,context_environment,0.58899546
muscular,condition_functionality,0.5885476
young,age_era,0.5880216
quiet,condition_functionality,0.58777833
horrible,evaluation,0.58762836
floor,context_environment,0.58715546
areas,context_environment,0.58707714
damage,condition_functionality,0.58673847
home,context_environment,0.5866179
cleaned,condition_functionality,0.5860712
60,age_era,0.585943
beat,condition_functionality,0.5855246
race,appearance_style,0.5852141
2010,age_era,0.585009
strangely,evaluation,0.5844542
messed,evaluation,0.58431643
grayblue,appearance_style,0.5842274
1950s,age_era,0.583924
vehicle,context_environment,0.58256865
changed,age_era,0.5817325
20s,age_era,0.5814403
unique,evaluation,0.58142936
ground,context_environment,0.5813211
character,condition_functionality,0.5810417
scenic,context_environment,0.5800615
pleasant,evaluation,0.57995784
what,evaluation,0.5795926
circa,age_era,0.5794032
engine,condition_functionality,0.5792253
fifties,age_era,0.5788739
bright,appearance_style,0.5782858
kind,evaluation,0.57782596
unusually,evaluation,0.57780945
job,condition_functionality,0.57720524
wooded,context_environment,0.57705986
corner,context_environment,0.57673997
friendly,evaluation,0.5766021
grassy,context_environment,0.57633644
apartments,context_environment,0.5762985
something,appearance_style,0.5760021
doors,context_environment,0.5758369
raceish,appearance_style,0.57583106
body,condition_functionality,0.5755875
utility,condition_functionality,0.5752945
neighborhood,context_environment,0.57494926
style,evaluation,0.5744153
18,age_era,0.57410824
lime,appearance_style,0.573905
is,condition_functionality,0.57356596
neat,evaluation,0.5725633
environment,context_environment,0.57225084
small,appearance_style,0.5720118
nicely,evaluation,0.5717913
shade,appearance_style,0.57152903
version,age_era,0.57113993
background,context_environment,0.57064533
era,age_era,0.5704136
14,age_era,0.56952816
appealing,evaluation,0.56939024
different,evaluation,0.5693791
easily,condition_functionality,0.568774
confusing,evaluation,0.56871104
speeds,condition_functionality,0.5683824
beach,context_environment,0.5682378
2010ish,age_era,0.5681577
louder,condition_functionality,0.5676496
gravel,context_environment,0.56646764
40,age_era,0.56630695
higher,condition_functionality,0.5659548
subtle,evaluation,0.56556416
appearance,evaluation,0.5654502
odd-looking,evaluation,0.5651854
denim,appearance_style,0.564288
built,context_environment,0.56409013
spot,context_environment,0.5640655
confused,evaluation,0.5628747
back,condition_functionality,0.56249577
big,condition_functionality,0.5621835
truck,context_environment,0.56159407
fancy,evaluation,0.5610889
certain,evaluation,0.56092983
terrible,evaluation,0.56088006
latest,age_era,0.5606849
peculiar,evaluation,0.56066823
metallic,appearance_style,0.56050706
curious,evaluation,0.5601967
lights,context_environment,0.5600674
residential,context_environment,0.560007
taste,evaluation,0.55986196
love,evaluation,0.55906737
blackblue,appearance_style,0.5587991
shadow,appearance_style,0.55865735
school,context_environment,0.5584953
room,context_environment,0.55836403
inside,context_environment,0.5583124
quite,evaluation,0.5581902
2000,age_era,0.5580982
working,condition_functionality,0.55750823
occupied,context_environment,0.55735004
uncommon,evaluation,0.55720496
wheels,context_environment,0.55706906
last,evaluation,0.5569147
lighting,appearance_style,0.556162
shiny,appearance_style,0.55595154
runs,condition_functionality,0.5559512
teen,age_era,0.5557857
trouble,condition_functionality,0.5557205
mixed,appearance_style,0.5553622
flashy,evaluation,0.55523896
lit,appearance_style,0.5551459
homes,context_environment,0.5547774
seen,evaluation,0.5545647
smoothly,condition_functionality,0.5542333
short,condition_functionality,0.553999
unsafe,condition_functionality,0.5539832
shot,condition_functionality,0.55364573
anywhere,context_environment,0.5535129
lasts,condition_functionality,0.5533144
oddly,evaluation,0.55316293
lake,context_environment,0.55312836
around,context_environment,0.55276364
feeling,evaluation,0.55241156
simple,condition_functionality,0.5523234
originally,age_era,0.5517577
interesting,evaluation,0.55170965
piece,condition_functionality,0.5515479
poorly,evaluation,0.55126894
traffic,context_environment,0.55107194
close,condition_functionality,0.5504947
noticeably,condition_functionality,0.55044806
slightly,evaluation,0.5501949
new,age_era,0.5501802
suitable,condition_functionality,0.55002433
longer,condition_functionality,0.54975796
suburb,context_environment,0.54951954
solid,condition_functionality,0.5489187
quality,condition_functionality,0.54890466
battered,condition_functionality,0.54855454
best,evaluation,0.54848206
impression,evaluation,0.5483012
aesthetic,evaluation,0.5482564
3,evaluation,0.548124
13,age_era,0.54805756
bold,evaluation,0.54777277
gross,evaluation,0.54769707
top,appearance_style,0.5475534
given,appearance_style,0.54728997
timing,condition_functionality,0.54721856
struggling,condition_functionality,0.5469309
anymore,age_era,0.5469246
performance,condition_functionality,0.54672045
visible,appearance_style,0.5466735
fairly,evaluation,0.54624546
able,condition_functionality,0.5461745
clear,appearance_style,0.5456711
gives,evaluation,0.545429
funny,evaluation,0.54530984
bumpy,evaluation,0.5452973
bluegray,appearance_style,0.5452013
dead,condition_functionality,0.5451786
baby,condition_functionality,0.5451305
where,context_environment,0.54503137
low,condition_functionality,0.5448686
located,context_environment,0.54461575
looking,evaluation,0.54454386
playground,context_environment,0.5442915
gold,appearance_style,0.54426134
want,evaluation,0.5442137
timeless,age_era,0.54403925
sized,appearance_style,0.5439262
faded,appearance_style,0.5437621
brighter,appearance_style,0.54372394
high,condition_functionality,0.54359186
breaking,condition_functionality,0.5433675
look,evaluation,0.5433275
orangered,appearance_style,0.5431969
sport,condition_functionality,0.542574
automobile,context_environment,0.54257065
mph,condition_functionality,0.542358
happy,evaluation,0.5421074
elegant,evaluation,0.54197615
sufficient,condition_functionality,0.5417832
heavily,condition_functionality,0.54170334
nice-looking,evaluation,0.54157287
photo,appearance_style,0.5412046
sand,context_environment,0.54108196
damaged,condition_functionality,0.54087496
exotic,evaluation,0.5408728
work,condition_functionality,0.5401641
two,evaluation,0.53950995
exciting,evaluation,0.5394353
foliage,context_environment,0.5393384
metal,appearance_style,0.538847
answer,condition_functionality,0.5384939
time,condition_functionality,0.5382368
space,context_environment,0.5379679
sun,appearance_style,0.5379251
treees,context_environment,0.537773
finer,condition_functionality,0.5376134
driving,context_environment,0.5374466
bluish,appearance_style,0.5373833
use,age_era,0.53731203
silverish,appearance_style,0.5371835
annoying,evaluation,0.53664815
thin,condition_functionality,0.53661776
normal-looking,evaluation,0.5365702
you,evaluation,0.5364331
plants,context_environment,0.53643084
photos,context_environment,0.5363278
miles,condition_functionality,0.5361755
picture,evaluation,0.53597856
scene,context_environment,0.53593576
image,appearance_style,0.5359346
large,appearance_style,0.5358899
acceptable,evaluation,0.5357296
bridge,context_environment,0.53568053
teenager,age_era,0.5347023
other,evaluation,0.53450596
bottom,appearance_style,0.53443956
bigger,condition_functionality,0.53403735
rich,condition_functionality,0.5340072
fire,appearance_style,0.53384256
logo,appearance_style,0.5337835
size,appearance_style,0.53375244
stable,condition_functionality,0.5336093
a,condition_functionality,0.5334306
an,condition_functionality,0.53329825
green-ish,appearance_style,0.53327763
pull,condition_functionality,0.53297114
burnt,appearance_style,0.5326985
parkforest,context_environment,0.53250974
retro,age_era,0.53241956
pain,condition_functionality,0.5324092
getting,condition_functionality,0.5323558
unattractive,evaluation,0.53228444
shit,evaluation,0.53219885
fit,condition_functionality,0.5321828
get,condition_functionality,0.5320957
upwards,condition_functionality,0.5319467
uncomfortable,evaluation,0.53188396
cement,context_environment,0.53185236
upgraded,age_era,0.53180206
dirty,appearance_style,0.53173935
attempt,condition_functionality,0.5314688
ancient,age_era,0.5311221
pickup,condition_functionality,0.5308954
shorter,condition_functionality,0.53049767
b,condition_functionality,0.5303104
wild,evaluation,0.53029394
reliable,condition_functionality,0.5302851
crappy,evaluation,0.5302024
maroon,appearance_style,0.5301727
previous,age_era,0.5300479
feels,condition_functionality,0.5297143
feel,evaluation,0.52969664
drive,condition_functionality,0.529689
crisis,condition_functionality,0.5296664
fancy-looking,evaluation,0.52915037
front,context_environment,0.5291296
bulky,condition_functionality,0.529075
tiny,condition_functionality,0.5286114
felt,condition_functionality,0.5285963
spacious,context_environment,0.52852595
usage,condition_functionality,0.52834
another,evaluation,0.528263
exterior,context_environment,0.52818894
business,context_environment,0.5280688
cool,evaluation,0.5273652
dad,condition_functionality,0.527325
away,context_environment,0.5271206
near,context_environment,0.5268141
10,appearance_style,0.5265013
better,evaluation,0.5264448
larger,condition_functionality,0.52637863
crushed,condition_functionality,0.526262
ocean,context_environment,0.526115
bushes,context_environment,0.5260214
smaller,condition_functionality,0.5257386
take,condition_functionality,0.5257127
taking,condition_functionality,0.5256895
smooth,condition_functionality,0.52521324
great-looking,evaluation,0.52511704
station,context_environment,0.52511597
leg,condition_functionality,0.5250789
desert,context_environment,0.5250051
heights,context_environment,0.52491546
regular,condition_functionality,0.52481097
movie,age_era,0.524727
three,evaluation,0.5244294
living,condition_functionality,0.5243433
money,condition_functionality,0.5242772
hills,context_environment,0.5242663
unsure,evaluation,0.52404547
kept,condition_functionality,0.524037
difference,condition_functionality,0.52401674
terribly,evaluation,0.52399683
awesome,evaluation,0.5239391
nicer,evaluation,0.52382815
considered,condition_functionality,0.5237931
seeing,evaluation,0.5236814
takes,condition_functionality,0.52330065
broken,condition_functionality,0.5231581
useful,condition_functionality,0.52307963
part,condition_functionality,0.52304196
perfectly,evaluation,0.5229343
unknown,evaluation,0.522806
constructed,context_environment,0.5226983
friends,condition_functionality,0.5223516
decent,condition_functionality,0.5223299
elegance,evaluation,0.5221491
vibrant,appearance_style,0.52207214
lighter,appearance_style,0.5218093
how,evaluation,0.52178943
cemented,context_environment,0.52178663
sunny,appearance_style,0.5217516
moving,context_environment,0.52163184
since,age_era,0.5215228
tinted,appearance_style,0.5214237
tricked,evaluation,0.52140343
hate,evaluation,0.5213431
styling,appearance_style,0.5210483
details,evaluation,0.5209342
ramp,context_environment,0.52071947
not,evaluation,0.52044755
together,condition_functionality,0.52029395
mom,condition_functionality,0.52016395
lucky,evaluation,0.5201147
asphalt,context_environment,0.5199467
prize,condition_functionality,0.51992154
door,context_environment,0.5198022
real,evaluation,0.5197444
tires,context_environment,0.5197178
15,age_era,0.51964885
5,appearance_style,0.5193677
just,evaluation,0.51930434
special,evaluation,0.5192651
roomy,evaluation,0.5192549
2,evaluation,0.51915145
sense,evaluation,0.51894736
lot,context_environment,0.5189068
super,condition_functionality,0.5187905
well,evaluation,0.51872444
eye,appearance_style,0.5186627
mountains,context_environment,0.5186336
while,condition_functionality,0.5185421
he,evaluation,0.5184351
sedan,context_environment,0.5183575
forested,context_environment,0.51808274
expensive,condition_functionality,0.5180801
stolen,condition_functionality,0.5180764
fence,context_environment,0.51795346
many,evaluation,0.5175602
doing,condition_functionality,0.5174143
lots,context_environment,0.51731956
fake,evaluation,0.517249
afraid,evaluation,0.51705873
history,age_era,0.5165623
goes,condition_functionality,0.51640266
rare,evaluation,0.516058
worry,evaluation,0.51596725
seats,context_environment,0.5158768
similar,evaluation,0.5157272
crap,evaluation,0.5157105
excited,evaluation,0.51532966
growing,condition_functionality,0.5153275
took,condition_functionality,0.51523954
sketchy,evaluation,0.5152372
sell,condition_functionality,0.51511276
pool,context_environment,0.5149596
can,condition_functionality,0.514901
smoke,appearance_style,0.5148227
greenery,context_environment,0.5146732
brick,context_environment,0.51459324
feature,condition_functionality,0.5145621
owning,condition_functionality,0.5142899
lower,condition_functionality,0.51419085
gets,condition_functionality,0.51406515
curb,context_environment,0.5139352
that,evaluation,0.5139341
confident,condition_functionality,0.5137557
water,context_environment,0.51360726
parts,condition_functionality,0.5136022
paint,appearance_style,0.5135691
community,context_environment,0.5135231
favorite,condition_functionality,0.5133032
shrubs,context_environment,0.51328975
each,appearance_style,0.5132186
this,evaluation,0.51315415
grill,context_environment,0.51312923
rear,condition_functionality,0.5131235
so,evaluation,0.51302034
completely,evaluation,0.51298285
to,condition_functionality,0.51287115
long,condition_functionality,0.51276124
everything,condition_functionality,0.5126395
modified,condition_functionality,0.51256835
patchy,evaluation,0.51244646
ordinary,evaluation,0.5124031
trying,evaluation,0.5122962
uniquely,evaluation,0.5122721
seeming,evaluation,0.512147
reason,evaluation,0.5121065
sky,context_environment,0.5120966
really,evaluation,0.512083
during,condition_functionality,0.5120034
chose,appearance_style,0.5119953
things,context_environment,0.51190305
steel,condition_functionality,0.5117711
busted,evaluation,0.5117127
okay,evaluation,0.5115646
wheel,context_environment,0.5114447
grills,context_environment,0.5112237
stylish,appearance_style,0.51108646
roadtrips,context_environment,0.51075673
almost,evaluation,0.51067793
forever,age_era,0.51060843
attitude,condition_functionality,0.5105228
open,appearance_style,0.5104582
bed,context_environment,0.5104279
down,condition_functionality,0.5103375
cloudy,appearance_style,0.5099931
antique,age_era,0.50989175
having,evaluation,0.50982964
comes,condition_functionality,0.5094424
x,evaluation,0.5092237
aggressive,condition_functionality,0.5090797
combined,condition_functionality,0.50899744
slim,condition_functionality,0.5089692
wife,condition_functionality,0.50891894
graffiti,context_environment,0.50873196
blacktop,appearance_style,0.50870323
attract,evaluation,0.5086899
smell,evaluation,0.50857514
suburban,context_environment,0.50837994
from,age_era,0.5081711
electric,condition_functionality,0.5080765
ad,evaluation,0.5080246
movies,context_environment,0.5077728
farther,condition_functionality,0.50755423
positive,condition_functionality,0.5075426
coat,appearance_style,0.5073472
races,appearance_style,0.5072936
one,appearance_style,0.50725055
wants,evaluation,0.50701374
interior,context_environment,0.5070021
resembles,evaluation,0.50695956
i,evaluation,0.50679076
give,evaluation,0.50657034
suv,context_environment,0.5063772
dried,condition_functionality,0.5063339
ghettos,context_environment,0.5061448
project,context_environment,0.5060372
broad,condition_functionality,0.50599086
efficiency,condition_functionality,0.5059588
rest,condition_functionality,0.5058942
washed,condition_functionality,0.5057519
even,evaluation,0.50568974
your,evaluation,0.5056811
side,evaluation,0.50552285
aesthetically,evaluation,0.50547135
used,age_era,0.5052854
sporty,condition_functionality,0.5051267
line,condition_functionality,0.50505006
actually,evaluation,0.5049957
before,age_era,0.5047991
are,condition_functionality,0.5047136
outdoorsy-type,context_environment,0.50465405
finding,context_environment,0.5046463
when,age_era,0.5045316
fancier,evaluation,0.50432086
pale,appearance_style,0.5042944
slight,evaluation,0.50407445
mall,context_environment,0.50379485
between,condition_functionality,0.5037116
behind,context_environment,0.50347406
run,condition_functionality,0.5032805
rack,context_environment,0.5031923
drove,condition_functionality,0.50292933
images,context_environment,0.50275403
right,evaluation,0.502506
classy,evaluation,0.50247574
bit,condition_functionality,0.5024064
tell,evaluation,0.5023894
popular,evaluation,0.5022975
with,condition_functionality,0.5022935
s,evaluation,0.50211954
way,evaluation,0.5021176
care,condition_functionality,0.5020551
midlife,age_era,0.50183856
computer,condition_functionality,0.5018101
alike,evaluation,0.5015795
nothing,evaluation,0.5015349
boring,evaluation,0.5015329
buggy,evaluation,0.5010172
vain,evaluation,0.5009514
against,condition_functionality,0.50086594
above,evaluation,0.50075084
now,age_era,0.50051713
east,context_environment,0.5005022
appears,evaluation,0.50038874
bumper,context_environment,0.5003238
definite,condition_functionality,0.50018
infrastructure,context_environment,0.49996555
comfortable,evaluation,0.49993253
replaced,condition_functionality,0.49988335
after,condition_functionality,0.4998832
consider,condition_functionality,0.49966967
somewhere,context_environment,0.49964032
transportation,context_environment,0.49953282
using,age_era,0.49949548
auto,condition_functionality,0.4993794
square,context_environment,0.49931985
e,evaluation,0.49927056
condition,condition_functionality,0.49926376
cheaper,condition_functionality,0.49911338
sleek,condition_functionality,0.49903184
makes,condition_functionality,0.4989388
least,evaluation,0.49892402
hilly,context_environment,0.49888694
taken,evaluation,0.4988568
4,appearance_style,0.49882734
closest,context_environment,0.4987505
lie,evaluation,0.4987326
office,context_environment,0.4987285
normal,evaluation,0.49871874
sun-drenched,appearance_style,0.49867594
camping,context_environment,0.49862307
capacity,condition_functionality,0.49859726
about,evaluation,0.4984494
five,appearance_style,0.49837953
advert,evaluation,0.4983538
position,context_environment,0.49831867
found,evaluation,0.49830928
overall,evaluation,0.49822915
air,condition_functionality,0.4980966
finish,condition_functionality,0.49797973
change,condition_functionality,0.4979404
upper,condition_functionality,0.49793458
plain,evaluation,0.4979051
of,condition_functionality,0.49766958
abandoned,context_environment,0.4976508
wooden,context_environment,0.4975661
ultra,condition_functionality,0.4974528
wrong,evaluation,0.49723834
had,evaluation,0.49717447
alpha,condition_functionality,0.49711335
think,evaluation,0.4969019
disappointing,evaluation,0.49679947
thoughts,evaluation,0.49676782
there,evaluation,0.49676135
nature,context_environment,0.4966625
god,evaluation,0.49650252
multiple,condition_functionality,0.496454
mansion,context_environment,0.4964279
aqua,appearance_style,0.49640906
language,condition_functionality,0.49636987
for,condition_functionality,0.49626163
telling,evaluation,0.49604777
kid,condition_functionality,0.4959221
little,condition_functionality,0.49588197
classic-looking,evaluation,0.4957942
deep,condition_functionality,0.49557137
tire,context_environment,0.49544978
bland,evaluation,0.49538237
faced,evaluation,0.49532267
choose,condition_functionality,0.49523956
20,age_era,0.4952393
id,evaluation,0.49519253
suit,appearance_style,0.49500686
produced,condition_functionality,0.4948812
system,condition_functionality,0.49476287
my,evaluation,0.49473515
raining,context_environment,0.49470353
helps,condition_functionality,0.49455166
glorious,evaluation,0.4944248
full,appearance_style,0.49433777
fix,evaluation,0.49433678
cover,context_environment,0.49418104
several,evaluation,0.49417606
showing,condition_functionality,0.49387687
hauling,condition_functionality,0.49382806
natural,evaluation,0.49377757
option,condition_functionality,0.4936972
again,evaluation,0.49368572
much,evaluation,0.49357373
missing,evaluation,0.49328133
experience,condition_functionality,0.49326146
people,context_environment,0.49315876
frequent,evaluation,0.49300724
closed,condition_functionality,0.49295944
store,context_environment,0.4928516
like,evaluation,0.4927624
prefer,evaluation,0.49274832
box,appearance_style,0.49274057
life,condition_functionality,0.49273312
familiar,evaluation,0.49273235
cheapy,condition_functionality,0.49268612
made,condition_functionality,0.49259263
seat,context_environment,0.49246398
stopped,condition_functionality,0.49239346
someone,condition_functionality,0.49230683
designed,condition_functionality,0.49208593
riding,context_environment,0.49203086
favorable,condition_functionality,0.49198574
iron,appearance_style,0.49194664
trunk,context_environment,0.49183047
most,evaluation,0.49181783
windshield,context_environment,0.49168277
playing,context_environment,0.4914431
same,evaluation,0.49139893
fog,appearance_style,0.49125808
stainless,appearance_style,0.4911288
stone,context_environment,0.49096555
graybluish,appearance_style,0.49089274
child,condition_functionality,0.4908515
tan,appearance_style,0.49072957
souped,condition_functionality,0.4904331
model,condition_functionality,0.49036554
every,evaluation,0.49035263
complex,condition_functionality,0.49034166
surrounded,context_environment,0.49030185
without,condition_functionality,0.49025977
finally,evaluation,0.49003732
roar,condition_functionality,0.48972523
fan,condition_functionality,0.48971164
shape,condition_functionality,0.4895932
cat,condition_functionality,0.48953992
dumb,evaluation,0.48913628
guess,evaluation,0.48895997
plate,condition_functionality,0.48877698
customized,appearance_style,0.48867452
reach,condition_functionality,0.48861364
huge,condition_functionality,0.48854274
shortened,condition_functionality,0.48849744
all,evaluation,0.48838884
main,condition_functionality,0.4883139
unfamiliar,evaluation,0.48828793
ride,condition_functionality,0.48819888
somehow,evaluation,0.48790306
maintenance,condition_functionality,0.48784027
telephone,context_environment,0.48779178
bluegreen,appearance_style,0.48770744
ideal,condition_functionality,0.48753977
days,age_era,0.48753282
seem,evaluation,0.48746315
vines,context_environment,0.48744595
dream,evaluation,0.48716247
ford,context_environment,0.487135
straight,evaluation,0.4870605
shore,context_environment,0.48702335
withstand,condition_functionality,0.48701906
seems,evaluation,0.48686832
relatively,condition_functionality,0.48686114
itself,evaluation,0.48681974
fits,condition_functionality,0.48648986
extended,condition_functionality,0.48648736
grove,context_environment,0.48620102
re,condition_functionality,0.48616672
barely,evaluation,0.48598057
level,condition_functionality,0.48593068
sale,context_environment,0.48592067
edition,age_era,0.48562583
ten,appearance_style,0.48559478
ok,evaluation,0.48557216
dry,condition_functionality,0.48550406
under,context_environment,0.48544738
more,evaluation,0.4852669
loyal,condition_functionality,0.48520663
wow,evaluation,0.48519295
somebody,condition_functionality,0.48511872
reminds,evaluation,0.48507795
wanted,evaluation,0.48506942
mind,evaluation,0.48506865
through,condition_functionality,0.48498732
own,evaluation,0.48495007
distinct,evaluation,0.48475206
practical,condition_functionality,0.4845923
intended,evaluation,0.4844309
gas,condition_functionality,0.48427
accident,condition_functionality,0.48416913
sideways,context_environment,0.48416886
cheap,condition_functionality,0.48385867
truck-like,condition_functionality,0.48372972
golden,appearance_style,0.4837275
field,context_environment,0.4836918
renovation,context_environment,0.483685
pick,appearance_style,0.4836735
items,condition_functionality,0.48351532
it,evaluation,0.48343474
music,context_environment,0.48303133
advanced,condition_functionality,0.48287436
her,evaluation,0.48282102
driven,condition_functionality,0.48273867
make,condition_functionality,0.4825156
warehouse,context_environment,0.4822542
mine,evaluation,0.4822022
needs,condition_functionality,0.48216853
repair,condition_functionality,0.4819073
wonky,evaluation,0.4818839
up,condition_functionality,0.48178583
facing,evaluation,0.48167256
once,condition_functionality,0.48155075
son,condition_functionality,0.48153102
semi,condition_functionality,0.48152566
neutral,appearance_style,0.48147064
op,evaluation,0.48145837
uncovered,context_environment,0.4813806
company,context_environment,0.48137316
below,context_environment,0.4811099
type,appearance_style,0.48094547
mommy,condition_functionality,0.4809059
proves,condition_functionality,0.4808311
serious,evaluation,0.4807614
condos,context_environment,0.48057783
45,age_era,0.48057154
sides,context_environment,0.48055148
advertisement,evaluation,0.48054639
career,condition_functionality,0.4805225
worrying,evaluation,0.48047933
involved,condition_functionality,0.48047295
truckcar,context_environment,0.48042992
as,evaluation,0.48026356
sharp,condition_functionality,0.48013178
set,appearance_style,0.48010358
price,appearance_style,0.48009712
vividly,evaluation,0.48009443
wealthy,condition_functionality,0.48003638
surface,context_environment,0.47994474
viewed,evaluation,0.47966683
leaves,context_environment,0.47960827
church,context_environment,0.479604
in,condition_functionality,0.47956407
abnormally,evaluation,0.4794616
wonder,evaluation,0.4794291
single,age_era,0.47927675
its,evaluation,0.47905028
works,evaluation,0.47893286
negative,evaluation,0.4789297
ease,condition_functionality,0.4787897
window,context_environment,0.4787877
learning,condition_functionality,0.4787494
only,evaluation,0.4785567
sophisticated,evaluation,0.4785117
was,condition_functionality,0.47842255
backside,appearance_style,0.47834587
dust,condition_functionality,0.47823846
tow,condition_functionality,0.4781606
going,condition_functionality,0.47802228
center,context_environment,0.47796583
grandma,age_era,0.47771096
show,condition_functionality,0.47769377
sad,evaluation,0.4776646
wagon,context_environment,0.4776407
four,condition_functionality,0.47750783
owner,condition_functionality,0.47727126
racing,context_environment,0.47716203
jeep,context_environment,0.4770949
match,appearance_style,0.47704843
thing,evaluation,0.47693664
jersey,context_environment,0.47693443
shaped,condition_functionality,0.47691396
out,condition_functionality,0.4768992
on,evaluation,0.47689408
im,evaluation,0.47685426
shined,appearance_style,0.4768498
deluxe,condition_functionality,0.47679684
moderately,condition_functionality,0.4767538
banged,condition_functionality,0.47673404
factory,condition_functionality,0.47668535
gated,condition_functionality,0.47667974
highschool,age_era,0.4765657
treed,context_environment,0.47650403
duck,condition_functionality,0.47639817
subdued,appearance_style,0.47638562
update,age_era,0.47632888
kids,condition_functionality,0.47631043
far,condition_functionality,0.47625536
class,condition_functionality,0.47619978
egg,appearance_style,0.4760513
maintain,condition_functionality,0.4760187
4-door,context_environment,0.47598153
oval,appearance_style,0.47587618
parkked,context_environment,0.47565624
purpose,condition_functionality,0.47560176
seconds,condition_functionality,0.47556448
formed,condition_functionality,0.47552097
asian,appearance_style,0.47550863
undesirable,evaluation,0.47550815
but,evaluation,0.47523034
help,evaluation,0.4752171
automatic,condition_functionality,0.47520447
military,condition_functionality,0.47518817
split,condition_functionality,0.47518557
find,context_environment,0.47507942
alright,evaluation,0.4750501
being,condition_functionality,0.47486508
wth,condition_functionality,0.47482708
who,age_era,0.4747849
vey,evaluation,0.4747506
crime,context_environment,0.4747368
sports,context_environment,0.47466898
any,appearance_style,0.47465873
sizeable,condition_functionality,0.4745846
sporty-looking,appearance_style,0.4743203
both,condition_functionality,0.47431698
fun,evaluation,0.4742726
typical,evaluation,0.4741513
guy,evaluation,0.47413075
stopping,condition_functionality,0.47410622
lego,context_environment,0.4740802
rim,context_environment,0.47391874
english,condition_functionality,0.47388858
countryside,context_environment,0.47327664
hill,context_environment,0.47324926
created,condition_functionality,0.4730999
luxury,condition_functionality,0.47297978
me,evaluation,0.47292578
camera,context_environment,0.47273135
were,condition_functionality,0.47266594
common,evaluation,0.47253156
the,evaluation,0.4725287
mountainous,context_environment,0.47244573
move,condition_functionality,0.47228056
couch,context_environment,0.47226036
put,evaluation,0.4722381
towards,context_environment,0.47199553
emblem,appearance_style,0.47198737
some,evaluation,0.47173545
mobile,context_environment,0.47170702
looked,evaluation,0.47130644
overly,evaluation,0.47095668
shown,evaluation,0.47089046
generated,condition_functionality,0.47083014
indicates,condition_functionality,0.4708035
enough,evaluation,0.4706669
pointed,evaluation,0.47060823
into,condition_functionality,0.47041744
blanc,appearance_style,0.47030324
comfort,condition_functionality,0.47020295
headlights,context_environment,0.4700991
geo,context_environment,0.46993622
understated,evaluation,0.4699201
see,evaluation,0.46985734
instance,context_environment,0.46978915
thinks,evaluation,0.46978462
within,context_environment,0.4696851
those,evaluation,0.46952444
says,evaluation,0.4693299
sunlight,context_environment,0.4691437
which,age_era,0.4689831
world,context_environment,0.46887726
hotel,context_environment,0.46883726
blurred,condition_functionality,0.46876693
amount,condition_functionality,0.4687245
unreliable,condition_functionality,0.46846947
worth,condition_functionality,0.46843964
workhorse,condition_functionality,0.46843657
stick,condition_functionality,0.4683873
helping,condition_functionality,0.46835536
tint,appearance_style,0.4683304
brightwork,condition_functionality,0.4683001
owned,condition_functionality,0.46829158
than,condition_functionality,0.46822485
clunky,evaluation,0.46798858
classic,evaluation,0.4679282
design,evaluation,0.46787545
nineties,age_era,0.46783546
family,condition_functionality,0.46771634
tail,condition_functionality,0.4675086
suits,appearance_style,0.46740267
comfortably,condition_functionality,0.46716285
blocky,evaluation,0.46701515
sensible,evaluation,0.4670035
although,evaluation,0.46692842
anything,appearance_style,0.46690488
kinda,evaluation,0.466895
order,condition_functionality,0.46682867
rims,context_environment,0.4668146
mini,appearance_style,0.46680772
poorer,condition_functionality,0.46679503
yelloworange,appearance_style,0.4666231
keep,condition_functionality,0.46643358
owners,context_environment,0.46640205
functional,condition_functionality,0.46631774
thought,evaluation,0.4662888
we,evaluation,0.46627343
freshly,condition_functionality,0.46620443
mileage,condition_functionality,0.4661569
gto,appearance_style,0.46615407
trips,context_environment,0.46595508
otherwise,evaluation,0.46590105
trust,condition_functionality,0.46580315
middle,condition_functionality,0.4657983
issues,evaluation,0.46570235
mirrors,context_environment,0.46566218
ai,condition_functionality,0.46547508
shark,condition_functionality,0.46545297
purchase,condition_functionality,0.4654247
stealthy,evaluation,0.46531314
whenever,age_era,0.46509743
lines,context_environment,0.465087
resides,context_environment,0.46489313
sign,condition_functionality,0.46472895
hike,context_environment,0.46461657
strict,condition_functionality,0.46456674
floating,context_environment,0.46442804
overpass,context_environment,0.4644229
base,context_environment,0.46439207
chinese,appearance_style,0.46419314
showroom,context_environment,0.4641859
daily,age_era,0.46401584
left,appearance_style,0.46390194
trip,context_environment,0.46377105
buy,condition_functionality,0.4632576
somewhat,evaluation,0.46320903
gloomy,appearance_style,0.46284416
stereo,context_environment,0.46282655
empty,appearance_style,0.4628218
repairs,context_environment,0.46267682
turns,condition_functionality,0.4623216
ii,evaluation,0.462278
track,context_environment,0.46204382
at,condition_functionality,0.462043
notice,evaluation,0.46184528
end,evaluation,0.4617991
possible,condition_functionality,0.46141204
few,evaluation,0.46134686
useless,condition_functionality,0.46126795
sprayed,appearance_style,0.46109736
aggrasive,condition_functionality,0.46107492
exhaust,condition_functionality,0.46092337
sounds,evaluation,0.46079552
idk,evaluation,0.46059924
net,context_environment,0.4605872
bump,evaluation,0.46027455
profit,condition_functionality,0.46021938
no,evaluation,0.4600634
could,condition_functionality,0.46000537
stupid,evaluation,0.45988572
british,appearance_style,0.4597848
features,condition_functionality,0.45973217
piped,condition_functionality,0.45970395
challenges,condition_functionality,0.45968232
break,condition_functionality,0.4596199
country,context_environment,0.45957437
frame,context_environment,0.45949954
clearly,condition_functionality,0.4586318
narrow,appearance_style,0.45862672
spring,context_environment,0.4585961
library,context_environment,0.45835117
junky,evaluation,0.458272
shopping,context_environment,0.45820132
compact,condition_functionality,0.45819187
idea,evaluation,0.45812863
grocery,context_environment,0.45779246
imagine,evaluation,0.4575766
opening,evaluation,0.45743808
sportive,condition_functionality,0.45736974
always,evaluation,0.45735148
waiting,condition_functionality,0.45734668
turned,appearance_style,0.45731175
covers,context_environment,0.45719534
off,condition_functionality,0.45701128
states,context_environment,0.45688355
tyre,context_environment,0.45686972
vibes,evaluation,0.45678723
dealership,context_environment,0.45675552
olive,appearance_style,0.4566118
read,condition_functionality,0.45651105
thee,evaluation,0.45617715
him,evaluation,0.45600724
economy,condition_functionality,0.45593897
dam,condition_functionality,0.45563978
probable,condition_functionality,0.4555804
wise,evaluation,0.45527864
seating,context_environment,0.45527124
backseat,context_environment,0.4552424
50s,age_era,0.4551441
grammatically,condition_functionality,0.45504826
russian,appearance_style,0.45494553
drives,context_environment,0.45474097
thinking,appearance_style,0.45473605
illegal,evaluation,0.4546676
slate,context_environment,0.4545908
affordable,condition_functionality,0.4544842
yet,evaluation,0.45448065
mode,condition_functionality,0.45431083
forward,condition_functionality,0.4542883
choice,condition_functionality,0.45422262
bringing,condition_functionality,0.45415115
noticeable,condition_functionality,0.45409745
been,condition_functionality,0.45394498
poor,condition_functionality,0.4538768
boxed,appearance_style,0.4538622
alongside,context_environment,0.45384252
along,condition_functionality,0.45382732
flared,appearance_style,0.45381084
maintained,condition_functionality,0.45376685
chunky,condition_functionality,0.45374203
over,age_era,0.45323277
dropped,condition_functionality,0.45305353
his,condition_functionality,0.45297533
significant,condition_functionality,0.4529485
free,condition_functionality,0.45255563
abanded,condition_functionality,0.45252183
got,evaluation,0.4523832
entry,context_environment,0.4523757
ar,context_environment,0.45237195
started,condition_functionality,0.45236742
lazy,condition_functionality,0.4523547
catch,evaluation,0.45232826
laws,condition_functionality,0.4521582
custom,appearance_style,0.4521265
summer,context_environment,0.45203266
horse,condition_functionality,0.45198342
uneven,evaluation,0.45198047
charcoal,appearance_style,0.4518674
mix,appearance_style,0.4518453
still,evaluation,0.45180947
questions,condition_functionality,0.45164272
tests,condition_functionality,0.4514622
stout,condition_functionality,0.4513143
combination,appearance_style,0.4512626
next,evaluation,0.45116538
distance,condition_functionality,0.45107856
if,condition_functionality,0.45100838
console,appearance_style,0.45084298
honda,context_environment,0.45084226
polar,appearance_style,0.4507786
dominating,condition_functionality,0.45045298
others,evaluation,0.45036685
voice,condition_functionality,0.45036528
journey,condition_functionality,0.4501788
sticks,context_environment,0.4500629
point,evaluation,0.44995233
iconic,condition_functionality,0.4498584
silvia,condition_functionality,0.44978863
however,condition_functionality,0.44969115
compacted,condition_functionality,0.44965816
-,evaluation,0.4496176
dependable,condition_functionality,0.44961384
recognize,condition_functionality,0.4494838
times,age_era,0.4494694
wide,evaluation,0.4494247
corporate,context_environment,0.4492693
bg,appearance_style,0.4492476
luxurious,condition_functionality,0.44916332
gang,condition_functionality,0.4490613
pipes,context_environment,0.4490028
rust,context_environment,0.44885647
stands,context_environment,0.44883513
sizes,appearance_style,0.4487872
m,evaluation,0.4487084
balance,condition_functionality,0.44863206
fin,condition_functionality,0.44860268
hyundai,context_environment,0.44843885
currently,age_era,0.4483798
enjoys,evaluation,0.44824046
repetitive,evaluation,0.44823045
minimum,condition_functionality,0.44817486
deformed,condition_functionality,0.44811082
beat-up,condition_functionality,0.44810164
stubby,condition_functionality,0.44808364
robot,condition_functionality,0.44803405
man,evaluation,0.4480147
tints,appearance_style,0.44797832
first,condition_functionality,0.44796184
month,age_era,0.44793966
bmw,context_environment,0.4478951
bills,condition_functionality,0.44781113
2-door,context_environment,0.4478021
stumpy,evaluation,0.4477533
haul,condition_functionality,0.4476828
generally,evaluation,0.4475552
does,evaluation,0.44740382
row,context_environment,0.44737062
boxy,evaluation,0.44721425
appreciate,evaluation,0.44706517
brand,condition_functionality,0.4470213
longest,condition_functionality,0.447021
developed,age_era,0.44699064
powder,condition_functionality,0.44696224
pontiac,context_environment,0.4467708
rather,evaluation,0.4467244
have,evaluation,0.4465894
plus,evaluation,0.4465747
motel,context_environment,0.44646028
might,evaluation,0.44640693
occupies,context_environment,0.44636995
mustang,condition_functionality,0.44625422
anyway,evaluation,0.4462167
personality,evaluation,0.44620013
passenger,context_environment,0.44581106
low-slung,condition_functionality,0.44581062
they,evaluation,0.44552618
shining,appearance_style,0.44537944
shes,evaluation,0.4452806
littering,context_environment,0.44526237
market,context_environment,0.4452419
blown,condition_functionality,0.44519466
blah,evaluation,0.44502765
attention,condition_functionality,0.4449917
basic,condition_functionality,0.4448455
drab,condition_functionality,0.4447817
subdivision,context_environment,0.44477147
am,condition_functionality,0.44450077
appear,evaluation,0.44427
trending,age_era,0.44411367
chevy,context_environment,0.44396436
structure,context_environment,0.4439035
bue,condition_functionality,0.4437638
jerk,condition_functionality,0.44371572
racecar,context_environment,0.4436933
diesel,condition_functionality,0.4434465
such,evaluation,0.4433715
four-door,context_environment,0.44326282
dollar,condition_functionality,0.44317642
person,condition_functionality,0.4427982
highest,condition_functionality,0.44277245
well-maintained,condition_functionality,0.44271672
tag,appearance_style,0.4427043
spokes,context_environment,0.44265878
commuter,condition_functionality,0.4426245
sticking,condition_functionality,0.4423618
travel,condition_functionality,0.44208923
fashion,evaluation,0.44144863
believe,condition_functionality,0.4414015
groceries,context_environment,0.44135815
curved,condition_functionality,0.441328
wildlife,context_environment,0.44130784
speeding,condition_functionality,0.4412781
anyplace,context_environment,0.44127208
passed,condition_functionality,0.4412589
mid,age_era,0.4411934
series,condition_functionality,0.441134
toyota,context_environment,0.44100466
windows,context_environment,0.44081724
hundred,condition_functionality,0.44074494
dodge,context_environment,0.4406786
saving,condition_functionality,0.44066402
beginning,condition_functionality,0.44065088
stance,context_environment,0.44062757
turning,condition_functionality,0.4406157
assembled,context_environment,0.4405052
has,evaluation,0.44037592
shows,context_environment,0.44013625
tries,condition_functionality,0.4399238
aero,appearance_style,0.43991506
and,evaluation,0.43991235
street-racer,context_environment,0.4398644
also,evaluation,0.43985105
marks,condition_functionality,0.43973443
pearl,appearance_style,0.4397162
reunited,age_era,0.43966904
atrocious,evaluation,0.43949053
day,condition_functionality,0.4394898
went,condition_functionality,0.43929148
rural,context_environment,0.43876126
vw,condition_functionality,0.43837553
our,evaluation,0.43828857
priced,condition_functionality,0.43806654
will,condition_functionality,0.43796268
tall,condition_functionality,0.43763974
coming,condition_functionality,0.43731838
bother,evaluation,0.43698564
needed,condition_functionality,0.43697563
moment,condition_functionality,0.43687442
manufacture,condition_functionality,0.436853
called,condition_functionality,0.43683475
general,evaluation,0.43674433
flat,evaluation,0.4366422
them,evaluation,0.43661913
roadster,context_environment,0.4365224
college,context_environment,0.43641064
tree-lined,context_environment,0.4363569
economical,condition_functionality,0.43620476
anyone,evaluation,0.43604702
belonged,condition_functionality,0.43590155
halfway,condition_functionality,0.4358912
families,context_environment,0.4358853
electronic,condition_functionality,0.4358684
late,evaluation,0.43562654
cheerful,appearance_style,0.43528146
pics,evaluation,0.43526044
tre,condition_functionality,0.43488988
lady,evaluation,0.43484962
hatch,appearance_style,0.43474963
period,age_era,0.43450475
willing,appearance_style,0.43444648
ca,context_environment,0.43444487
camry,context_environment,0.43443355
isolated,context_environment,0.43420947
daddy,condition_functionality,0.43413913
famous,condition_functionality,0.4341365
pass,condition_functionality,0.43397242
reflect,context_environment,0.43396506
evening,context_environment,0.43393373
guardrail,context_environment,0.4339321
else,evaluation,0.4338916
stock,context_environment,0.4337208
producing,condition_functionality,0.4336766
midsized,condition_functionality,0.4335389
bug,evaluation,0.4334337
two-door,context_environment,0.4333556
figure,condition_functionality,0.43334714
evoking,evaluation,0.43333477
need,condition_functionality,0.43331227
these,evaluation,0.4331746
opened,appearance_style,0.43306607
must,condition_functionality,0.4327562
their,evaluation,0.43248063
hood,context_environment,0.43245834
wondering,evaluation,0.43230128
rubber,condition_functionality,0.4322608
do,condition_functionality,0.43213928
stop,condition_functionality,0.43199867
hatchback,context_environment,0.43198973
dent,condition_functionality,0.43197995
uk,context_environment,0.43196297
mirror,evaluation,0.43153477
catching,condition_functionality,0.4312731
mans,evaluation,0.4311102
heading,appearance_style,0.43109846
nissan,context_environment,0.43108952
pontiacs,context_environment,0.43100455
cliff,context_environment,0.43093726
rail,condition_functionality,0.43092
belong,condition_functionality,0.4308974
range,condition_functionality,0.43082485
remember,age_era,0.43042153
camaro,context_environment,0.4303503
student,condition_functionality,0.43027496
compartment,context_environment,0.4302437
buildling,context_environment,0.43021607
doesnt,evaluation,0.43015853
spoke,context_environment,0.43009686
onroad,context_environment,0.43004963
classes,context_environment,0.43002796
refined,condition_functionality,0.42995656
across,evaluation,0.42988437
japanese,appearance_style,0.429854
totally,evaluation,0.42980462
mark,condition_functionality,0.42977858
members,condition_functionality,0.42977345
round,evaluation,0.42950335
screams,context_environment,0.4293157
sportier,condition_functionality,0.429303
hang,condition_functionality,0.42929864
jaguar,condition_functionality,0.4289116
dingy,evaluation,0.42879823
bee,condition_functionality,0.42870826
foggy,evaluation,0.42868525
exactly,evaluation,0.42865753
then,evaluation,0.4285063
brake,condition_functionality,0.4283794
lot-class,context_environment,0.42835587
bought,appearance_style,0.42828554
belongs,condition_functionality,0.42779726
german,condition_functionality,0.42751873
zones,context_environment,0.42744818
decorative,evaluation,0.42739195
woman,appearance_style,0.42725813
coaster,context_environment,0.4272574
theyve,evaluation,0.4270271
ever,evaluation,0.4268669
mid-sized,appearance_style,0.42666304
know,evaluation,0.42648867
local,context_environment,0.42641705
glitched,evaluation,0.42635864
sac,context_environment,0.42629725
bluesilver,appearance_style,0.42605442
chrome,appearance_style,0.4259849
depressing,evaluation,0.42591125
preference,evaluation,0.42585588
low-riding,condition_functionality,0.4258489
benz,condition_functionality,0.42576498
ste,condition_functionality,0.42573088
block,condition_functionality,0.42559713
mostly,evaluation,0.42557847
muted,appearance_style,0.42548877
wannabe,evaluation,0.42542723
passenger-side,context_environment,0.42524052
collectible,condition_functionality,0.4251173
bwm,appearance_style,0.42507926
fading,appearance_style,0.42504635
angle,condition_functionality,0.42500323
cant,condition_functionality,0.42495963
rod,condition_functionality,0.42492068
damages,condition_functionality,0.42491886
caps,appearance_style,0.42490038
captures,condition_functionality,0.4247712
children,context_environment,0.42471528
sets,context_environment,0.42470795
atmosphere,context_environment,0.42463475
joe,condition_functionality,0.42441204
leaning,condition_functionality,0.4243071
driver,context_environment,0.42421255
ends,evaluation,0.4239234
hes,evaluation,0.42388338
too,evaluation,0.42384017
moderate,condition_functionality,0.4231516
mussle,condition_functionality,0.42266145
budget,condition_functionality,0.42264387
licensed,condition_functionality,0.42260063
by,condition_functionality,0.42252246
distortions,evaluation,0.4224247
relaxing,context_environment,0.42240644
handed,condition_functionality,0.42226174
aluminum,appearance_style,0.42214113
cab,context_environment,0.42212856
myself,evaluation,0.42206758
rigid,condition_functionality,0.42197564
cross,condition_functionality,0.42188472
chevrolet,context_environment,0.42187494
mismatched,evaluation,0.42167598
particular,appearance_style,0.4214231
standard,condition_functionality,0.4213637
ive,evaluation,0.4213454
everyday,age_era,0.42121387
premium,condition_functionality,0.42115295
restored,condition_functionality,0.42113844
cannot,condition_functionality,0.42094845
plates,condition_functionality,0.42087412
story,evaluation,0.42086965
someones,context_environment,0.42062196
dents,condition_functionality,0.42001092
metro,context_environment,0.41999906
pea,condition_functionality,0.41993526
toned,appearance_style,0.41953015
volkswagen,context_environment,0.41950354
sloped,condition_functionality,0.41948536
advance,context_environment,0.4192502
sizable,condition_functionality,0.41922468
sold,appearance_style,0.41906816
relative,context_environment,0.4189586
beetle,condition_functionality,0.41884613
carry,condition_functionality,0.41878954
sto,condition_functionality,0.4186749
subaru,context_environment,0.4184642
pick-up,condition_functionality,0.41845924
though,evaluation,0.41826224
fencing,context_environment,0.41825157
mercedes,context_environment,0.4180074
rounded,evaluation,0.41787833
modest,condition_functionality,0.41782337
society,context_environment,0.4170957
smushed,evaluation,0.41708207
handle,condition_functionality,0.41701365
decently,condition_functionality,0.41677046
hybrid,condition_functionality,0.4165513
based,context_environment,0.41637778
because,evaluation,0.4162573
uncle,condition_functionality,0.41610035
say,condition_functionality,0.41592464
boot,appearance_style,0.4156598
european,appearance_style,0.41560096
everyone,evaluation,0.41551268
guard,condition_functionality,0.4154978
lens,appearance_style,0.4154743
tone,condition_functionality,0.41511494
sawed,evaluation,0.41490722
box-like,evaluation,0.4147962
midnight,appearance_style,0.41477904
rundown,condition_functionality,0.41454795
moms,condition_functionality,0.41452527
headlight,appearance_style,0.41451907
either,evaluation,0.41431898
perspective,evaluation,0.41393042
lopsided,evaluation,0.41387784
collector,condition_functionality,0.41359675
007,appearance_style,0.41356444
aston,context_environment,0.41316527
deal,appearance_style,0.41314435
war-torn,condition_functionality,0.41304162
carjackings,context_environment,0.41302156
hospital,context_environment,0.41278765
upkeep,condition_functionality,0.4127432
holder,condition_functionality,0.4125951
thats,evaluation,0.41244668
manly,evaluation,0.41233313
shodow,condition_functionality,0.41227573
lush,evaluation,0.4120797
dreary,evaluation,0.4119487
half,condition_functionality,0.41178092
backround,context_environment,0.4114721
professional,condition_functionality,0.41142112
profile,evaluation,0.4110536
ears,evaluation,0.4110126
iike,evaluation,0.4108106
creeps,evaluation,0.4105997
tress,context_environment,0.41030365
crossover,condition_functionality,0.4098432
drag,condition_functionality,0.40979382
fashioned,evaluation,0.4097931
industrial,context_environment,0.40967053
emerging,evaluation,0.40944153
inexpensive,condition_functionality,0.40943605
university,context_environment,0.4094293
accelerates,condition_functionality,0.40934902
chrysler,condition_functionality,0.40928835
manual,condition_functionality,0.40923375
american,appearance_style,0.40919
spray,condition_functionality,0.40873533
enjoy,evaluation,0.4085944
fact,condition_functionality,0.40847486
primary,condition_functionality,0.40838397
focus,condition_functionality,0.40834305
boxing,context_environment,0.40821606
prestigious,condition_functionality,0.40804955
likely,evaluation,0.4079024
ray,appearance_style,0.4078713
crack,context_environment,0.4077474
dont,evaluation,0.40771466
dull,evaluation,0.4076681
europe,context_environment,0.4075519
convertible,context_environment,0.4075017
saggy,condition_functionality,0.40679383
van,context_environment,0.40655464
rimsvehicle,context_environment,0.4065526
convenience,condition_functionality,0.4064856
frontal,condition_functionality,0.40610892
smudgy,evaluation,0.40606207
perhaps,evaluation,0.4060213
rusty,appearance_style,0.4058721
intake,condition_functionality,0.40585423
buuilding,condition_functionality,0.40580076
purchased,appearance_style,0.40568447
off-,condition_functionality,0.40563732
rectangle,context_environment,0.4055664
onto,evaluation,0.40545678
foreign,evaluation,0.40539658
obviously,evaluation,0.4053672
go,appearance_style,0.405324
apparently,evaluation,0.405285
toward,context_environment,0.40527213
view,evaluation,0.40501353
obscured,appearance_style,0.40498018
matte,appearance_style,0.4049587
spanning,condition_functionality,0.40491056
often,evaluation,0.40489554
clown,appearance_style,0.40483227
bently,condition_functionality,0.40480208
blurry,condition_functionality,0.40468943
travelling,condition_functionality,0.4046551
gey,condition_functionality,0.4044003
bear,appearance_style,0.40437388
doctor,condition_functionality,0.4042055
interested,evaluation,0.40395907
eco,context_environment,0.40386724
generation,age_era,0.40376943
cul,evaluation,0.40376404
fenders,context_environment,0.40374386
stand,context_environment,0.40372446
200,context_environment,0.40370357
isnt,evaluation,0.40366858
patch,evaluation,0.40358475
starsky,evaluation,0.40345162
dusty,appearance_style,0.40334716
updating,age_era,0.40333176
cigars,context_environment,0.402981
carnival,context_environment,0.40272948
definitely,evaluation,0.40262735
here,evaluation,0.40241963
breeze,condition_functionality,0.40237924
or,condition_functionality,0.4023521
cosmetic,evaluation,0.4022777
america,context_environment,0.40207893
generic,evaluation,0.40205038
shapped,evaluation,0.40168458
nation,condition_functionality,0.40164778
giveaway,appearance_style,0.40154058
onlyt,evaluation,0.40135348
de,condition_functionality,0.40111172
africa,context_environment,0.40101522
angled,evaluation,0.400869
systems,condition_functionality,0.40064135
maybe,evaluation,0.4006402
early,age_era,0.40047213
inches,condition_functionality,0.4004674
represents,condition_functionality,0.40044862
sedate,age_era,0.40036306
bins,context_environment,0.3999856
cherry,appearance_style,0.39986607
carriage,context_environment,0.39985105
wires,appearance_style,0.39984798
ash,appearance_style,0.39957938
showcasing,evaluation,0.3994764
improperly,condition_functionality,0.39947003
expect,evaluation,0.39934406
defies,condition_functionality,0.39913923
persons,context_environment,0.39899808
never,age_era,0.39894548
mixture,appearance_style,0.39879718
siting,context_environment,0.3987732
diagonally,evaluation,0.39856547
reflective,appearance_style,0.39832824
loading,condition_functionality,0.39805627
collectors,context_environment,0.39776015
alone,evaluation,0.39760315
backgorund,context_environment,0.39753094
mobster,context_environment,0.3974802
hub,context_environment,0.39746466
possibly,evaluation,0.39746392
midsize,condition_functionality,0.39739424
furious,condition_functionality,0.3973153
1800s,age_era,0.39705998
cop,condition_functionality,0.39704293
usa,context_environment,0.39678723
mash,condition_functionality,0.39678586
bushies,context_environment,0.39677727
navy,appearance_style,0.3967136
reflecting,condition_functionality,0.39650223
non-descript,evaluation,0.39639634
simplistic,condition_functionality,0.3963191
polish,appearance_style,0.39611804
models,condition_functionality,0.395806
representing,condition_functionality,0.39574802
recall,condition_functionality,0.39569086
photorealistic,evaluation,0.39558566
cream,appearance_style,0.39548424
study,condition_functionality,0.3954489
corvette,context_environment,0.3952436
elements,appearance_style,0.39514342
ninetys,age_era,0.39512885
sits,appearance_style,0.39488918
overseas,context_environment,0.39406675
suprising,evaluation,0.39390275
be,condition_functionality,0.39377138
volvo,condition_functionality,0.39364427
pinto,condition_functionality,0.39356408
sitting,context_environment,0.3935609
manufactured,condition_functionality,0.3933857
personalized,appearance_style,0.39332673
enlarging,condition_functionality,0.39332473
smal,evaluation,0.39320797
beater,condition_functionality,0.39320505
matching,context_environment,0.3930471
arent,evaluation,0.39291546
warped,condition_functionality,0.3927303
transmission,condition_functionality,0.39270678
debt,condition_functionality,0.39253804
guzzles,condition_functionality,0.39248562
fender,context_environment,0.39173186
shift,condition_functionality,0.39160392
swift,appearance_style,0.39080632
sunday,context_environment,0.39072114
iicense,appearance_style,0.39037603
00s,age_era,0.3903498
cornered,evaluation,0.390173
united,condition_functionality,0.39015335
reminisces,age_era,0.39007357
recognizing,evaluation,0.38978842
clunker,context_environment,0.38976842
camino,appearance_style,0.3897547
unbalanced,condition_functionality,0.38967597
tinting,appearance_style,0.3895738
speakers,context_environment,0.3888949
marketed,condition_functionality,0.3888712
french,appearance_style,0.3886831
frontwards,condition_functionality,0.3886751
pointing,context_environment,0.38858503
palm,context_environment,0.38835052
try,evaluation,0.38833106
symmetrical,evaluation,0.38827515
braking,condition_functionality,0.3880216
backgroud,condition_functionality,0.38787904
challenger,condition_functionality,0.38782817
harmonious,condition_functionality,0.38763067
sort,condition_functionality,0.38745108
renault,context_environment,0.3872763
accord,context_environment,0.38704422
sorts,evaluation,0.38685971
theres,evaluation,0.38682997
alloy,appearance_style,0.38667718
roommate,context_environment,0.38662392
consumers,condition_functionality,0.3864852
gibberish,condition_functionality,0.38637567
lol,evaluation,0.38635403
ready,appearance_style,0.386348
contains,condition_functionality,0.38626847
lexus,condition_functionality,0.38588834
infront,context_environment,0.3856544
license,context_environment,0.3849672
loke,context_environment,0.38496265
martin,appearance_style,0.38460532
weekends,context_environment,0.38451803
coup,evaluation,0.38450247
disk,condition_functionality,0.38396642
dray,condition_functionality,0.38391763
france,context_environment,0.38389888
inch,condition_functionality,0.3837138
squished,condition_functionality,0.38364798
ths,evaluation,0.3834641
thousand,condition_functionality,0.38343793
scuffed,evaluation,0.3830376
should,condition_functionality,0.38302732
purity,condition_functionality,0.38244706
businessman,condition_functionality,0.3824088
mpg,condition_functionality,0.38234156
acts,condition_functionality,0.38217723
roadsetting,context_environment,0.3820963
studabaker,condition_functionality,0.38185406
seddan,condition_functionality,0.38182318
intersection,context_environment,0.38169545
us,context_environment,0.3810634
fatter,condition_functionality,0.38103044
royal,appearance_style,0.38063675
meaning,condition_functionality,0.38023278
except,evaluation,0.3791933
elongated,evaluation,0.37907118
mentioning,evaluation,0.37903875
thiis,evaluation,0.37901598
poles,context_environment,0.37876183
pontiacacura,appearance_style,0.37855572
coupe,context_environment,0.3780264
traditional,evaluation,0.3779459
pattern,context_environment,0.3777878
grandfathers,age_era,0.3777272
england,context_environment,0.37759575
edges,evaluation,0.37733716
sit,context_environment,0.37720388
particularly,evaluation,0.37686408
hubcaps,context_environment,0.37634003
jag,condition_functionality,0.37625092
numbers,condition_functionality,0.37605852
everyones,evaluation,0.3756189
sure,evaluation,0.37544748
scratches,context_environment,0.37542784
distances,context_environment,0.37540692
commuting,context_environment,0.37493503
utilitarian,condition_functionality,0.3747902
appeals,condition_functionality,0.37469715
scuff,condition_functionality,0.374646
permiate,condition_functionality,0.37462285
conversation,condition_functionality,0.37441963
peppy,condition_functionality,0.37396458
amusements,evaluation,0.37350535
daysbut,age_era,0.37337416
suburu,context_environment,0.3730534
contoured,context_environment,0.3730349
cancer,condition_functionality,0.3726885
thousands,context_environment,0.37267524
designs,evaluation,0.372538
may,condition_functionality,0.372301
reflections,context_environment,0.3720353
doom,appearance_style,0.3717181
peoples,context_environment,0.37151596
transport,condition_functionality,0.37139046
paneling,context_environment,0.3708101
streamline,context_environment,0.37043625
boomer,age_era,0.37004125
setting,condition_functionality,0.3697927
would,condition_functionality,0.36963308
probably,evaluation,0.36961836
handles,condition_functionality,0.36952484
minimalist,condition_functionality,0.3687869
sititng,condition_functionality,0.36857885
especially,evaluation,0.36837307
pop-up,age_era,0.3683526
mini-suv,context_environment,0.3683269
overcast,context_environment,0.36827013
scoop,condition_functionality,0.36751
client,condition_functionality,0.36740214
mis-matched,evaluation,0.3673352
weather,context_environment,0.36732936
crv,condition_functionality,0.36728573
misshapen,evaluation,0.36658156
trident,condition_functionality,0.366505
spoiler,evaluation,0.36607262
modeled,evaluation,0.36604318
sustainable,context_environment,0.36584893
ayne,evaluation,0.36578718
suggest,evaluation,0.36519432
executive,condition_functionality,0.3648743
cross-over,condition_functionality,0.36486945
nobody,evaluation,0.36470935
nova,context_environment,0.363235
amc,context_environment,0.3630079
shinny,condition_functionality,0.36248642
cost,condition_functionality,0.3624316
realm,evaluation,0.3616544
straps,context_environment,0.36058092
robin,appearance_style,0.36057037
spoked,condition_functionality,0.3604787
attend,context_environment,0.3595925
fisheye,appearance_style,0.35954416
audi,context_environment,0.3589929
pant,appearance_style,0.3589387
suspence,condition_functionality,0.3580578
tracker,condition_functionality,0.35795385
liscence,condition_functionality,0.3579127
etc,context_environment,0.35779577
smallcar,context_environment,0.35692012
rolls,condition_functionality,0.35685578
four-dour,appearance_style,0.3567836
makers,context_environment,0.35662013
cult,appearance_style,0.35660794
backend,age_era,0.3565519
aspect,condition_functionality,0.35635546
suggests,evaluation,0.3561909
affluent,condition_functionality,0.35604012
complexs,context_environment,0.3558524
overlap,context_environment,0.35559812
theyre,evaluation,0.35543883
smudge,condition_functionality,0.35539514
reflection,context_environment,0.3536622
firebird,context_environment,0.35364953
errands,evaluation,0.35345018
banger,condition_functionality,0.35339025
loock,evaluation,0.35225943
possiby,condition_functionality,0.35194594
didnt,evaluation,0.3518769
prayers,condition_functionality,0.35165346
ahhhh,evaluation,0.35006735
s15,appearance_style,0.34964323
volkswagon,appearance_style,0.34919152
couple,context_environment,0.34905183
jetta,condition_functionality,0.34840277
bygone,context_environment,0.34787363
designing,context_environment,0.34725407
carvery,condition_functionality,0.34702778
box-shaped,appearance_style,0.34676436
themselves,condition_functionality,0.34648946
backgrund,condition_functionality,0.3464498
specifically,context_environment,0.34622186
cues,evaluation,0.3458761
uglkyl,condition_functionality,0.34587193
run-of-the-mill,condition_functionality,0.3455692
romeo,condition_functionality,0.345537
luxuary,age_era,0.34542835
beginners,context_environment,0.34478226
ornamental,appearance_style,0.34420943
saab,evaluation,0.34416533
charger,condition_functionality,0.3429103
limit,condition_functionality,0.34280986
boxier,condition_functionality,0.34220046
irridescent,appearance_style,0.34213102
smudges,condition_functionality,0.34175032
contrasts,appearance_style,0.3415184
cgi,appearance_style,0.3411145
photoshoot,context_environment,0.34087336
aerodynamic,condition_functionality,0.34073055
angles,context_environment,0.3406378
lotus,condition_functionality,0.34050167
guzzler,condition_functionality,0.34006542
done,appearance_style,0.33955508
import,condition_functionality,0.3392854
preferences,evaluation,0.33917472
havent,evaluation,0.3387729
skyclouds,context_environment,0.33850998
wouldnt,condition_functionality,0.3383164
incolor,evaluation,0.3378604
hangs,condition_functionality,0.33761886
pretend,evaluation,0.33750695
circular,condition_functionality,0.33747014
rectangular,context_environment,0.33683664
blends,appearance_style,0.33617938
wont,condition_functionality,0.33573923
typica,appearance_style,0.33523965
nor,evaluation,0.33450612
beemer,context_environment,0.3341746
workschool,context_environment,0.33416808
announcers,context_environment,0.33414567
semi-rural,context_environment,0.33406308
celica,appearance_style,0.333677
hubcabs,context_environment,0.3336709
masculine,appearance_style,0.3331577
carit,condition_functionality,0.3329596
carhalf,context_environment,0.33288252
beamer,appearance_style,0.3314769
aftermarket,context_environment,0.33112574
irridiscent,appearance_style,0.33093283
classical,context_environment,0.33015883
box-type,appearance_style,0.32973057
gremlin,evaluation,0.3296862
hasnt,evaluation,0.32965082
hutch,condition_functionality,0.3284213
whoever,appearance_style,0.32778662
retouching,condition_functionality,0.3277859
focuses,appearance_style,0.32700098
expanse,context_environment,0.32679844
convention,evaluation,0.32571986
creamsicle,condition_functionality,0.3232019
orangish,appearance_style,0.32288957
grib,condition_functionality,0.32233107
upscale,evaluation,0.3217405
robocop,condition_functionality,0.3216571
ergonomic,condition_functionality,0.32033545
middle-class,age_era,0.3198416
aparmtents,condition_functionality,0.31771535
average,evaluation,0.31750667
casting,condition_functionality,0.31644836
cul-de-sac,context_environment,0.31625664
feminists,context_environment,0.31536704
christine,condition_functionality,0.31308055
lectures,context_environment,0.31215054
multi-tone,appearance_style,0.31183377
trans-am,condition_functionality,0.31146765
buyerowner,evaluation,0.3113976
cybertruck,condition_functionality,0.31132144
rms,condition_functionality,0.3107755
concave,condition_functionality,0.3100203
curve,condition_functionality,0.30885923
stationary,context_environment,0.30718738
10000,condition_functionality,0.3067032
define,condition_functionality,0.30436254
sot,condition_functionality,0.30388933
popup,evaluation,0.3031885
liscense,condition_functionality,0.3005576
degree,age_era,0.30011824
obscuring,evaluation,0.29855803
silhoutte,condition_functionality,0.29782885
pollute,condition_functionality,0.29660785
aerodynamics,condition_functionality,0.29082444
rendered,appearance_style,0.285057
vocation,context_environment,0.2805829
sideview,context_environment,0.278394
display,condition_functionality,0.27747458
non-conspicous,appearance_style,0.2772851
burnouts,condition_functionality,0.268996
disproportionate,condition_functionality,0.26558185
non-conspicious,condition_functionality,0.25954452
outlook,age_era,0.24214461
curvature,condition_functionality,0.24011262
semi-compact,condition_functionality,0.23645951
angular,evaluation,0.19572029
storingdelivering,context_environment,0.13605213
